{
  "project_info": {
    "project_number": "878119413907",
    "project_id": "fir-getx-app-eb487",
    "storage_bucket": "fir-getx-app-eb487.appspot.com"
  },
  "client": [
    {
      "client_info": {
        "mobilesdk_app_id": "1:878119413907:android:55b90e8c53a1f83391c566",
        "android_client_info": {
          "package_name": "com.example.firebase_app"
        }
      },
      "oauth_client": [
        {
          "client_id": "878119413907-u8om6nt2uc1nuii1h9kltohiio66qgbc.apps.googleusercontent.com",
          "client_type": 3
        }
      ],
      "api_key": [
        {
          "current_key": "AIzaSyBl7CIeFMxJrVZ5htpD421aCOlj-lYQcto"
        }
      ],
      "services": {
        "appinvite_service": {
          "other_platform_oauth_client": [
            {
              "client_id": "878119413907-u8om6nt2uc1nuii1h9kltohiio66qgbc.apps.googleusercontent.com",
              "client_type": 3
            }
          ]
        }
      }
    }
  ],
  "configuration_version": "1"
}